"Molecule","InChIKey","DrugMatrix","TG-GATEs","compound_name"
"CN1C2=CC=C(Cl)C=C2C(=NCC1=O)C1=CC=CC=C1","AAOVKJBEBIDNHE-UHFFFAOYSA-N","DIAZEPAM","diazepam","Diazepam"
"CN(CC1=CC=C(C=C1)C(C)(C)C)CC1=CC=CC2=CC=CC=C12","ABJKWBDEJIDSJZ-UHFFFAOYSA-N","BUTENAFINE",,"Butenafine"
"[H]N=C(N)NCCN1CCCCCCC1","ACGDKVXYNVEAGU-UHFFFAOYSA-N","GUANETHIDINE",,"Guanethidine"
"OC1=C(CC2=C(Cl)C(Cl)=CC(Cl)=C2O)C(Cl)=C(Cl)C=C1Cl","ACGUYXCXAPNIKK-UHFFFAOYSA-N","HEXACHLOROPHENE",,"Hexachlorophene"
"CCC1=CC(=CC=N1)C(N)=S","AEOCXXJPGCBFJA-UHFFFAOYSA-N",,"ethionamide","Ethionamide"
"S(SC1=NC2=CC=CC=C2S1)C1=NC2=CC=CC=C2S1","AFZSMODLJJCVPP-UHFFFAOYSA-N","BENZOTHIAZYL DISULFIDE",,"Benzothiazyl disulfide"
"OC(=O)COC1=CC=C(C(=O)C2=CC=CS2)C(Cl)=C1Cl","AGHANLSBXUWXTB-UHFFFAOYSA-N","TICRYNAFEN",,"Ticrynafen"
"CN(C)C(=O)OC1=CC=CC(=C1)[N+](C)(C)C","ALWKGYPQUAPLQC-UHFFFAOYSA-N","NEOSTIGMINE BROMIDE",,"Neostigmine bromide"
"CCCCCCNC(=O)N1C=C(F)C(=O)NC1=O","AOCCBINRVIKJHY-UHFFFAOYSA-N","CARMOFUR",,"Carmofur"
"CN=C(NCCSCC1=C(C)N=CN1)NC#N","AQIXAKUUQRKLND-UHFFFAOYSA-N","CIMETIDINE","cimetidine","Cimetidine"
"CCN(CC)C(=S)SSC(=S)N(CC)CC","AUZONCFQVSMFAP-UHFFFAOYSA-N","DISULFIRAM","disulfiram","Disulfiram"
"CCC(=C)C(=O)C1=CC=C(OCC(O)=O)C(Cl)=C1Cl","AVOLMBLBETYQHX-UHFFFAOYSA-N","ETHACRYNIC ACID",,"Ethacrynic acid"
"C[N+](C)(C)CCOC(=O)CCC(=O)OCC[N+](C)(C)C","AXOIZCJOOAYSMI-UHFFFAOYSA-N","SUXAMETHONIUM CHLORIDE",,"Suxamethonium chloride"
"CN(C)CCCN1C2=CC=CC=C2CCC2=CC=CC=C12","BCGWQEUPMDMJNV-UHFFFAOYSA-N",,"imipramine","Imipramine"
"COC1=CC(C=CC)=CC=C1O","BJIOGJUNALELMI-UHFFFAOYSA-N","ISOEUGENOL",,"Isoeugenol"
"CCCCCCCCCC(=O)NC1C(O)C(O)C(CO)OC1OC1=C2OC3=CC=C(CC4NC(=O)C(N)C5=CC=C(O)C(OC6=CC(O)=CC(=C6)C(NC4=O)C(=O)NC4C(C=C1OC1=CC=C(C=C1Cl)C(OC1OC(CO)C(O)C(O)C1NC(C)=O)C1NC(=O)C(NC4=O)C4=CC=C(O)C(=C4)C4=C(OC6OC(CO)C(O)C(O)C6O)C=C(O)C=C4C(NC1=O)C(O)=O)=C2)=C5)C=C3Cl","BJNLLBUOHPVGFT-UHFFFAOYSA-N","TEICOPLANIN",,"Teicoplanin"
"CCOC(=O)C1=CC=C(N)C=C1","BLFLLBZGZJTVJG-UHFFFAOYSA-N","BENZOCAINE",,"Benzocaine"
"COC1=CC2=CC=C(CCC(C)=O)C=C2C=C1","BLXXJMDCKKHMKV-UHFFFAOYSA-N","NABUMETONE",,"Nabumetone"
"CCCC1=NN(C)C2=C1NC(=NC2=O)C1=CC(=CC=C1OCC)S(=O)(=O)N1CCN(C)CC1","BNRNXUUZRGQAQC-UHFFFAOYSA-N","SILDENAFIL",,"Sildenafil"
"CC(=O)OC1=CC=CC=C1C(O)=O","BSYNRYMUTXBXSQ-UHFFFAOYSA-N","ASPIRIN","aspirin","Aspirin"
"CN=C1CN(O)C(C2=CC=CC=C2)=C2C=C(Cl)C=CC2=N1","BUCORZSTKDOEKQ-UHFFFAOYSA-N","CHLORDIAZEPOXIDE",,"Chlordiazepoxide"
"OC(=O)COC1=NN(CC2=CC=CC=C2)C2=CC=CC=C12","BYFMCKSPFYVMOU-UHFFFAOYSA-N",,"bendazac","Bendazac"
"CN1C=NC2=C1C(=O)N(CCCCC(C)=O)C(=O)N2C","BYPFEZZEUUWMEJ-UHFFFAOYSA-N","PENTOXIFYLLINE",,"Pentoxifylline"
"CC(=O)NC1=NN=C(S1)S(N)(=O)=O","BZKPWHYZMXOIDC-UHFFFAOYSA-N","ACETAZOLAMIDE","acetazolamide","Acetazolamide"
"COC1=CC=CC=C1N(=O)=O","CFBYEGUGFPZCNF-UHFFFAOYSA-N","2-NITROANISOLE",,"2-nitroanisole"
"CCOC(=O)N1C=CN(C)C1=S","CFOYWRHIYXMDOT-UHFFFAOYSA-N","CARBIMAZOLE",,"Carbimazole"
"ClCC(Cl)CCl","CFXQEHVMCRXUSD-UHFFFAOYSA-N","1,2,3-TRICHLOROPROPANE",,"1,2,3-trichloropropane"
"COC1=CC=C2N(C(=O)C3=CC=C(Cl)C=C3)C(C)=C(CC(O)=O)C2=C1","CGIGDMFJXJATDK-UHFFFAOYSA-N","INDOMETHACIN","indomethacin","Indomethacin"
"ClC1=C(Cl)C(Cl)=C(Cl)C(Cl)=C1Cl","CKAPSXZOOQJIBF-UHFFFAOYSA-N",,"hexachlorobenzene","Hexachlorobenzene"
"CS(=O)(=O)OCCCCOS(C)(=O)=O","COVZYZSDYWQREU-UHFFFAOYSA-N","BUSULFAN",,"Busulfan"
"COC(=O)NC1=NC2=CC=C(C=C2N1)C(=O)C1=CC=C(F)C=C1","CPEUVMUXAHMANV-UHFFFAOYSA-N","FLUBENDAZOLE",,"Flubendazole"
"CCOC1=CC=C(NC(C)=O)C=C1","CPJSUEIXXCENMM-UHFFFAOYSA-N","PHENACETIN","phenacetin","Phenacetin"
"CNNCC1=CC=C(C=C1)C(=O)NC(C)C","CPTBDICYNRMXFX-UHFFFAOYSA-N","PROCARBAZINE",,"Procarbazine"
"CC(C)=O","CSCPPACGZOOCGX-UHFFFAOYSA-N","ACETONE",,"Acetone"
"NC(=O)N1C2=CC=CC=C2CC(=O)C2=CC=CC=C12","CTRLABGOLIVAIY-UHFFFAOYSA-N","OXCARBAZEPINE",,"Oxcarbazepine"
"CCN(CC)CCOC(=O)C1(CCCCC1)C1CCCCC1","CURUTKGFNZGFSE-UHFFFAOYSA-N","DICYCLOMINE",,"Dicyclomine"
"O=C1NC(=O)C(N1)(C1=CC=CC=C1)C1=CC=CC=C1","CXOFVDLJLONNDW-UHFFFAOYSA-N","PHENYTOIN","phenytoin","Phenytoin"
"CC(C)CC1=CC=C(CC(O)=O)C=C1","CYWFCPPBTWOZSF-UHFFFAOYSA-N","IBUFENAC",,"Ibufenac"
"CCC1=C(C(=O)C2=CC(I)=C(O)C(I)=C2)C2=CC=CC=C2O1","CZCHIEJNWPNBDE-UHFFFAOYSA-N",,"benziodarone","Benziodarone"
"CC(=O)NC1=CC=C2C(CC3=CC=CC=C23)=C1","CZIHNRWJTSTCEX-UHFFFAOYSA-N","2-ACETYLAMINOFLUORENE",,"2-acetylaminofluorene"
"CCCN(CCC)S(=O)(=O)C1=CC=C(C=C1)C(O)=O","DBABZHXKTCFAPX-UHFFFAOYSA-N","PROBENECID",,"Probenecid"
"CC(O)(P(O)(O)=O)P(O)(O)=O","DBVJJBKOTRCVKF-UHFFFAOYSA-N","ETIDRONATE",,"Etidronate"
"OC(=O)CC1=CC=CC=C1NC1=C(Cl)C=CC=C1Cl","DCOPUUMXTXDBNB-UHFFFAOYSA-N","DICLOFENAC","diclofenac","Diclofenac"
"CCC1(C(=O)NC(=O)NC1=O)C1=CC=CC=C1","DDBREPKUVSBGFI-UHFFFAOYSA-N","PHENOBARBITAL","phenobarbital","Phenobarbital"
"NC(=O)C1=CC=CN=C1","DFPAKSUCGFBDDF-UHFFFAOYSA-N","NIACINAMIDE",,"Niacinamide"
"ClC1=CC=CC=C1C1=NCC(=O)NC2=CC=C(C=C12)N(=O)=O","DGBIGWXXNGSACT-UHFFFAOYSA-N","CLONAZEPAM",,"Clonazepam"
"NCC(O)=O","DHMQDGOQFOQNFH-UHFFFAOYSA-N","GLYCINE",,"Glycine"
"NC12CC3CC(CC(C3)C1)C2","DKNWSYNQZKUICI-UHFFFAOYSA-N","AMANTADINE",,"Amantadine"
"CC(N)=O","DLFVBJFMPXGRIB-UHFFFAOYSA-N",,"acetamide","Acetamide"
"ClCCNC(=O)N(CCCl)N=O","DLGOEMSEDOSKAD-UHFFFAOYSA-N","CARMUSTINE",,"Carmustine"
"OC1=C(CC2=C(O)C3=CC=CC=C3OC2=O)C(=O)OC2=CC=CC=C12","DOBMPNYZJYQDGZ-UHFFFAOYSA-N","DICUMAROL",,"Dicumarol"
"CCCCOC1=CC=C(OCCCN2CCOCC2)C=C1","DQKXQSGTHWVTAD-UHFFFAOYSA-N","PRAMOXINE",,"Pramoxine"
"CCC1(C(=O)NCNC1=O)C1=CC=CC=C1","DQMZLTXERSFNPB-UHFFFAOYSA-N","PRIMIDONE",,"Primidone"
"COC1=CC=C2NC=C(CCNC(C)=O)C2=C1","DRLFMBDRBRZALE-UHFFFAOYSA-N","MELATONIN",,"Melatonin"
"NC1=CC=C(C=C1)S(N)(=O)=O","FDDDEECHVMSUSB-UHFFFAOYSA-N","SULFANILAMIDE",,"Sulfanilamide"
"NC(=O)N1C2=CC=CC=C2C=CC2=CC=CC=C12","FFGPTBGBLSHEPO-UHFFFAOYSA-N","CARBAMAZEPINE","carbamazepine","Carbamazepine"
"NCC1CCC(CC1)C(=O)OC1=CC=C(CCC(O)=O)C=C1","FHRSHSOEWXUORL-UHFFFAOYSA-N","CETRAXATE",,"Cetraxate"
"ClC(Cl)Br","FMWLUWPQPKEARP-UHFFFAOYSA-N","BROMODICHLOROMETHANE",,"Bromodichloromethane"
"NC1=NC(N)=C2N=C(C(N)=NC2=N1)C1=CC=CC=C1","FNYLWPVRPXGIIP-UHFFFAOYSA-N","TRIAMTERENE","triamterene","Triamterene"
"COC1=CC=C2N(C(=O)C3=CC=C(Cl)C=C3)C(C)=C(CC(=O)OCC(O)=O)C2=C1","FSQKKOOTNAMONP-UHFFFAOYSA-N","ACEMETACIN",,"Acemetacin"
"ClC(Br)Br","GATVIKZLVQHOMN-UHFFFAOYSA-N","DIBROMOCHLOROMETHANE",,"Dibromochloromethane"
"CN(C)CCCN1C2=CC=CC=C2CCC2=CC=C(Cl)C=C12","GDLIGKIOYRNHDA-UHFFFAOYSA-N","CLOMIPRAMINE","clomipramine","Clomipramine"
"CC(=O)OCC(CCN1C=NC2=CN=C(N)N=C12)COC(C)=O","GGXKWVWZWMLJEH-UHFFFAOYSA-N","FAMCICLOVIR",,"Famciclovir"
"FC1=CNC(=O)NC1=O","GHASVSINZRGABV-UHFFFAOYSA-N","FLUOROURACIL",,"Fluorouracil"
"ClC1=CC=CC(Cl)=C1NC1=NCCN1","GJSURZIOUXUGAL-UHFFFAOYSA-N","CLONIDINE",,"Clonidine"
"CCCCNC1=CC=C(C=C1)C(=O)OCCN(C)C","GKCBAIGFKIBETG-UHFFFAOYSA-N","TETRACAINE",,"Tetracaine"
"S=C1N=CNC2=C1NC=N2","GLVAUDGFNGKCSF-UHFFFAOYSA-N","6-MERCAPTOPURINE",,"6-Mercaptopurine"
"NC(=O)CN1CCCC1=O","GMZVRMREEHBGGF-UHFFFAOYSA-N","PIRACETAM",,"Piracetam"
"ClCCN(N=O)C(=O)NC1CCCCC1","GQYIWUVLTXOXAJ-UHFFFAOYSA-N","LOMUSTINE","lomustine","Lomustine"
"CN1C2=CC=C(C=C2C(=NCC1=O)C1=CC=CC=C1)N(=O)=O","GWUSZQUVEVMBPI-UHFFFAOYSA-N","NIMETAZEPAM",,"Nimetazepam"
"NCC1CCC(CC1)C(O)=O","GYDJEQRTZSCIOI-UHFFFAOYSA-N","TRANEXAMIC ACID",,"Tranexamic acid"
"OC1=CC=C(C=C1)C1=C(C(=O)C2=CC=C(OCCN3CCCCC3)C=C2)C2=CC=C(O)C=C2S1","GZUITABIAKMVPG-UHFFFAOYSA-N","RALOXIFENE",,"Raloxifene"
"COC(=O)NC1=NC2=CC=C(SC3=CC=CC=C3)C=C2N1","HDDSHPAODJUKPD-UHFFFAOYSA-N","FENBENDAZOLE",,"Fenbendazole"
"ClC(Cl)Cl","HEDRZPFGACZZDS-UHFFFAOYSA-N","CHLOROFORM",,"Chloroform"
"CC1=CC=C(C)C(OCCCC(C)(C)C(O)=O)=C1","HEMJJKBWTPKOJG-UHFFFAOYSA-N","GEMFIBROZIL","gemfibrozil","Gemfibrozil"
"C=CC=O","HGINCPLSRVDWNT-UHFFFAOYSA-N","ACROLEIN",,"Acrolein"
"ClC1=CC2=C(OC3=CC(Cl)=C(Cl)C=C3O2)C=C1Cl","HGUFODBRKLSHSI-UHFFFAOYSA-N","2,3,7,8-TETRACHLORODIBENZO-P-DIOXIN",,"2,3,7,8-tetrachlorodibenzo-p-dioxin"
"CCS(=O)(=O)CCN1C(C)=NC=C1N(=O)=O","HJLSLZFTEKNLFI-UHFFFAOYSA-N","TINIDAZOLE",,"Tinidazole"
"NNC1=CC=CC=C1","HKOOXMFOFWEVGF-UHFFFAOYSA-N","PHENYLHYDRAZINE",,"Phenylhydrazine"
"CN(C)CCN(CC1=CC=CS1)C1=CC=CC=N1","HNJJXZKZRAWDPF-UHFFFAOYSA-N","METHAPYRILENE","methapyrilene","Methapyrilene"
"N#CC1=CC=C(C=C1)C(N1C=NC=N1)C1=CC=C(C=C1)C#N","HPJKCIUCZWXJDR-UHFFFAOYSA-N","LETROZOLE",,"Letrozole"
"CCOC1=NC2=CC=CC(C(O)=O)=C2N1CC1=CC=C(C=C1)C1=CC=CC=C1C1=NNN=N1","HTQMVQVXFRQIKW-UHFFFAOYSA-N","CANDESARTAN",,"Candesartan"
"CCN(C(C)=O)C1=CC=CC(=C1)C1=CC=NC2=C(C=NN12)C#N","HUNXMJYCHXQEGX-UHFFFAOYSA-N","ZALEPLON",,"Zaleplon"
"OC(=O)C1=CC(=CC=C1O)C1=CC=C(F)C=C1F","HUPFGZXOMWLGNK-UHFFFAOYSA-N","DIFLUNISAL",,"Diflunisal"
"CN1C2=C(N(CC3OCCO3)C=N2)C(=O)N(C)C1=O","HWXIGFIVGWUZAO-UHFFFAOYSA-N","DOXOFYLLINE",,"Doxofylline"
"CCCSC1=CC=C2N=C(NC(=O)OC)NC2=C1","HXHWSAZORRCQMX-UHFFFAOYSA-N","ALBENDAZOLE",,"Albendazole"
"CC[Hg]SC1=CC=CC=C1C(O)=O","HXQVQGWHFRNKMS-UHFFFAOYSA-M","THIMEROSAL",,"Thimerosal"
"COC(=O)C1=C(C)NC(C)=C(C1C1=CC=CC=C1N(=O)=O)C(=O)OC","HYIMSNHJOBLJNT-UHFFFAOYSA-N","NIFEDIPINE","nifedipine","Nifedipine"
"CS(=O)(=O)NC1=CC=C(C=C1OC1=CC=CC=C1)N(=O)=O","HYWYRSMBCFDLJT-UHFFFAOYSA-N","NIMESULIDE","nimesulide","Nimesulide"
"CC1=CC=CC(NC2=CC=CC=C2C(O)=O)=C1C","HYYBABOKPJLUIN-UHFFFAOYSA-N","MEFENAMIC ACID","mefenamic acid","Mefenamic acid"
"CCN1C=C(C(O)=O)C(=O)C2=CC(F)=C(N=C12)N1CCNCC1","IDYZIJYBMGIQMJ-UHFFFAOYSA-N","ENOXACIN",,"Enoxacin"
"COC1=C(OC)C=C2C(N)=NC(=NC2=C1)N1CCN(CC1)C(=O)C1=CC=CO1","IENZQIKPVFGBNW-UHFFFAOYSA-N","PRAZOSIN",,"Prazosin"
"CCCCCCCCCC1=CC=C(O)C=C1","IGFHQQFPSIBGKE-UHFFFAOYSA-N","4-NONYLPHENOL",,"4-nonylphenol"
"CC(C)(OC1=CC=C(CCNC(=O)C2=CC=C(Cl)C=C2)C=C1)C(O)=O","IIBYAHWJQTYFKB-UHFFFAOYSA-N","BEZAFIBRATE",,"Bezafibrate"
"CC(C)(C1=CC=C(O)C=C1)C1=CC=C(O)C=C1","IISBACLAFKSPIT-UHFFFAOYSA-N","BISPHENOL A",,"Bisphenol A"
"OC(COC1=C2C(=O)C=C(OC2=CC=C1)C(O)=O)COC1=C2C(=O)C=C(OC2=CC=C1)C(O)=O","IMZMKUWMOSJXDT-UHFFFAOYSA-N","CROMOLYN",,"Cromolyn"
"NC(=O)C1=NC=CN=C1","IPEHBUMCGVEMRF-UHFFFAOYSA-N","PYRAZINAMIDE",,"Pyrazinamide"
"OC(=O)CCNC(=O)C1=CC=C(C=C1)N=NC1=CC(C(O)=O)=C(O)C=C1","IPOKCKJONYRRHP-UHFFFAOYSA-N","BALSALAZIDE",,"Balsalazide"
"CN1C(=O)OC(C)(C)C1=O","IRYJRGCIQBGHIV-UHFFFAOYSA-N","TRIMETHADIONE","trimethadione","Trimethadione"
"CCCCC1=C(C(=O)C2=CC(I)=C(OCCN(CC)CC)C(I)=C2)C2=CC=CC=C2O1","IYIKLHRQXLHMJQ-UHFFFAOYSA-N","AMIODARONE","amiodarone","Amiodarone"
"OCCN(CCO)C1=NC(N2CCCCC2)=C2N=C(N=C(N3CCCCC3)C2=N1)N(CCO)CCO","IZEKFCXSFNUWAM-UHFFFAOYSA-N","DIPYRIDAMOLE",,"Dipyridamole"
"NC(=O)N1C(O)=C(C(=O)C2=CC=CS2)C2=CC(Cl)=CC=C12","IZSFDUMVCVVWKW-UHFFFAOYSA-N","TENIDAP",,"Tenidap"
"S=C=NC1=CC=CC2=CC=CC=C12","JBDOSUUXMYMWQH-UHFFFAOYSA-N","1-NAPHTHYL ISOTHIOCYANATE","naphthyl isothiocyanate","1-naphthyl isothiocyanate"
"CCOC(=O)N1CCC(CC1)=C1C2=CC=C(Cl)C=C2CCC2=CC=CN=C12","JCCNYMKQOSZNPW-UHFFFAOYSA-N","LORATADINE",,"Loratadine"
"OC(=O)CCCC1=CC=C(C=C1)N(CCCl)CCCl","JCKYGMPEJWAADB-UHFFFAOYSA-N","CHLORAMBUCIL",,"Chlorambucil"
"OC1=C(Cl)C=C(Cl)C=C1SC1=CC(Cl)=CC(Cl)=C1O","JFIOVJDNOJYLKP-UHFFFAOYSA-N","BITHIONOL",,"Bithionol"
"COC1=C(OC)C(=O)C(CCCCCCCCCCO)=C(C)C1=O","JGPMMRGNQUBGND-UHFFFAOYSA-N","IDEBENONE",,"Idebenone"
"CN1CCC(CC1)=C1C2=CC=CC=C2C=CC2=CC=CC=C12","JJCFRYNCJDLXIK-UHFFFAOYSA-N","CYPROHEPTADINE",,"Cyproheptadine"
"CC1=CC(NS(=O)(=O)C2=CC=C(N)C=C2)=NO1","JLKIGFTWXXRPMT-UHFFFAOYSA-N","SULFAMETHOXAZOLE",,"Sulfamethoxazole"
"CCCCNC(=O)NS(=O)(=O)C1=CC=C(C)C=C1","JLRGJRBPOGGCBT-UHFFFAOYSA-N",,"tolbutamide","Tolbutamide"
"NC1=CC=C(C=C1)S(=O)(=O)NC1=NC=CS1","JNMRHUJNCSQMMB-UHFFFAOYSA-N","SULFATHIAZOLE",,"Sulfathiazole"
"NC1=NC(=O)C2=C(N1)N(CCC(CO)CO)C=N2","JNTOCHDNEULJHD-UHFFFAOYSA-N","PENCICLOVIR",,"Penciclovir"
"CC1=NN=C2CN=C(C3=CC=CC=C3Cl)C3=CC(Cl)=CC=C3N12","JOFWLTCLBGQGBO-UHFFFAOYSA-N",,"triazolam","Triazolam"
"CCOC(N)=O","JOYRKODLDBILNP-UHFFFAOYSA-N","URETHANE",,"Urethane"
"CCN(CC)CCNC(=O)C1=CC(=CC=C1OC)S(C)(=O)=O","JTVPZMFULRWINT-UHFFFAOYSA-N","TIAPRIDE",,"Tiapride"
"C1=CC=NC=C1","JUJWROOIHBZHMG-UHFFFAOYSA-N","PYRIDINE",,"Pyridine"
"CCCN1C(=O)C=CNC1=S","JXDGGKVSZWPQGP-UHFFFAOYSA-N","PROPYLTHIOURACIL","propylthiouracil","Propylthiouracil"
"NS(=O)(=O)C1=CC2=C(NCNS2(=O)=O)C=C1Cl","JZUFKLXOESDKRF-UHFFFAOYSA-N","HYDROCHLOROTHIAZIDE",,"Hydrochlorothiazide"
"CC(=O)OC1=CC=C(C=C1)C(C1=CC=C(OC(C)=O)C=C1)C1=CC=CC=N1","KHOITXIGCFIULA-UHFFFAOYSA-N","BISACODYL",,"Bisacodyl"
"O=C1CN=C(C2=CC=CC=C2)C2=CC(=CC=C2N1)N(=O)=O","KJONHKAYOJNZEC-UHFFFAOYSA-N","NITRAZEPAM",,"Nitrazepam"
"OCCNCCNC1=CC=C(NCCNCCO)C2=C1C(=O)C1=C(O)C=CC(O)=C1C2=O","KKZJGLLVHKMTCM-UHFFFAOYSA-N","MITOXANTRONE",,"Mitoxantrone"
"CCOC(=O)C(C)(C)OC1=CC=C(Cl)C=C1","KNHUKKLJHYUCFP-UHFFFAOYSA-N","CLOFIBRATE","clofibrate","Clofibrate"
"CNS(=O)(=O)CC1=CC=C2NC=C(CCN(C)C)C2=C1","KQKPFRSPSRPDEB-UHFFFAOYSA-N","SUMATRIPTAN",,"Sumatriptan"
"OC(=O)CC(O)(CC(O)=O)C(O)=O","KRKNYBCHXYNGOX-UHFFFAOYSA-N","CITRIC ACID",,"Citric acid"
"CN(C)CCC=C1C2=CC=CC=C2CCC2=CC=CC=C12","KRMDCWKBEZIMAB-UHFFFAOYSA-N","AMITRIPTYLINE","amitriptyline","Amitriptyline"
"CN1CCN(CC2=CC=C(C=C2)C(=O)NC2=CC=C(C)C(NC3=NC(=CC=N3)C3=CC=CN=C3)=C2)CC1","KTUFNOKKBVMGRW-UHFFFAOYSA-N","IMATINIB",,"Imatinib"
"CN1CCN(CC1)C1=NC2=CC=CC=C2NC2=C1C=C(C)S2","KVWDHTXUZHCGIO-UHFFFAOYSA-N","OLANZAPINE",,"Olanzapine"
"CCO","LFQSCWFLJHTTHZ-UHFFFAOYSA-N","ETHANOL","ethanol","Ethanol"
"CN(C)C1=CC=C(C=C1)[C+](C1=CC=C(C=C1)N(C)C)C1=CC=C(C=C1)N(C)C","LGLFFNDHMLKUMI-UHFFFAOYSA-N","GENTIAN VIOLET",,"Gentian violet"
"ClC(Cl)=C","LGXVIGDEPROXKC-UHFFFAOYSA-N","1,1-DICHLOROETHENE",,"1,1-Dichloroethene"
"CN1C=NC(=C1SC1=NC=NC2=C1NC=N2)N(=O)=O","LMEKQMALGUDUQG-UHFFFAOYSA-N","AZATHIOPRINE","azathioprine","Azathioprine"
"OC1(CCN(CCCC(=O)C2=CC=C(F)C=C2)CC1)C1=CC=C(Cl)C=C1","LNEPOXFFQSENCJ-UHFFFAOYSA-N","HALOPERIDOL","haloperidol","Haloperidol"
"CC1=C(C(=NO1)C1=CC=CC=C1)C1=CC=C(C=C1)S(N)(=O)=O","LNPDTQAFDNKSHK-UHFFFAOYSA-N","VALDECOXIB",,"Valdecoxib"
"O=N(=O)C1=CC=CC=C1","LQNUZADURLCDLV-UHFFFAOYSA-N","NITROBENZENE",,"Nitrobenzene"
"CN(CS(O)(=O)=O)C1=C(C)N(C)N(C1=O)C1=CC=CC=C1","LVWZTYCIRDMTEY-UHFFFAOYSA-N","DIPYRONE",,"Dipyrone"
"COC(=O)C1=CC=C(O)C=C1","LXCFILQKKLGQFO-UHFFFAOYSA-N","METHYLPARABEN",,"Methylparaben"
"OCCO","LYCAIKOWRPUZTN-UHFFFAOYSA-N","ETHYLENE GLYCOL",,"Ethylene glycol"
"COS(C)(=O)=O","MBABOKRGFJTBAE-UHFFFAOYSA-N","METHYL METHANESULFONATE",,"Methyl methanesulfonate"
"OC1=CC=CC2=CC=CN=C12","MCJGNVYPOGVAJF-UHFFFAOYSA-N","OXYQUINOLINE",,"Oxyquinoline"
"CCN(CC)CCOC(=O)C1=CC=C(N)C=C1","MFDFERRIHVXMIY-UHFFFAOYSA-N","PROCAINE",,"Procaine"
"CC(C)(C)C1=CC=C(C=C1)C(=O)CCCN1CCC(CC1)OC(C1=CC=CC=C1)C1=CC=CC=C1","MJJALKDDGIKVBE-UHFFFAOYSA-N","EBASTINE",,"Ebastine"
"NC1=NC(=O)C2=C(N1)N(COCCO)C=N2","MKUXAQIIEYXACX-UHFFFAOYSA-N","ACYCLOVIR",,"Acyclovir"
"CC(C)C(=O)NC1=CC=C(C(=C1)C(F)(F)F)N(=O)=O","MKXKFYHWDHIYRV-UHFFFAOYSA-N","FLUTAMIDE","flutamide","Flutamide"
"FC(F)OC1=CC=C(C=C1OCC1CC1)C(=O)NC1=C(Cl)C=NC=C1Cl","MNDBXUUTURYVHR-UHFFFAOYSA-N","ROFLUMILAST",,"Roflumilast"
"OC(=O)COC(=O)CC1=CC=CC=C1NC1=C(Cl)C=CC=C1Cl","MNIPYSSQXLZQLJ-UHFFFAOYSA-N","ACECLOFENAC",,"Aceclofenac"
"CC1=CC=C(C=C1)N(CC1=NCCN1)C1=CC=CC(O)=C1","MRBDMNSDAVCSSF-UHFFFAOYSA-N","PHENTOLAMINE",,"Phentolamine"
"CC(C)OP(F)(=O)OC(C)C","MUCZHBLJLSDCSD-UHFFFAOYSA-N","DIISOPROPYL FLUOROPHOSPHATE",,"Diisopropyl fluorophosphate"
"ClC1=CC=CC=C1","MVPPADPHJFYWMZ-UHFFFAOYSA-N","CHLOROBENZENE",,"Chlorobenzene"
"OC(=O)C1=CN(C2CC2)C2=CC(N3CCNCC3)=C(F)C=C2C1=O","MYSWGUAQZAJSOK-UHFFFAOYSA-N","CIPROFLOXACIN","ciprofloxacin","Ciprofloxacin"
"NOC1=CC=CC=C1C(O)=O","NBGAYCYFNGPNPV-UHFFFAOYSA-N","AMINOSALICYLIC ACID",,"Aminosalicylic acid"
"OC(=O)C1=CC(=CC=C1O)N=NC1=CC=C(C=C1)S(=O)(=O)NC1=NC=CC=C1","NCEXYHBECQHGNR-UHFFFAOYSA-N",,"sulfasalazine","Sulfasalazine"
"CC(C)NC(=O)NS(=O)(=O)C1=CN=CC=C1NC1=CC=CC(C)=C1","NGBFQHCMQULJNZ-UHFFFAOYSA-N","TORSEMIDE",,"Torsemide"
"CC1=NOC(NS(=O)(=O)C2=CC=C(N)C=C2)=C1C","NHUHCSRWZMLRLA-UHFFFAOYSA-N","SULFISOXAZOLE",,"Sulfisoxazole"
"CCCC(CCC)C(O)=O","NIJJYAXOARWZEE-UHFFFAOYSA-N","VALPROIC ACID","valproic acid","Valproic acid"
"CCN(CC)CC(=O)NC1=C(C)C=CC=C1C","NNJVILVZKWQKPM-UHFFFAOYSA-N","LIDOCAINE",,"Lidocaine"
"CC1=CC=NC2=C1NC(=O)C1=CC=CN=C1N2C1CC1","NQDJXKOVJZTUJA-UHFFFAOYSA-N","NEVIRAPINE",,"Nevirapine"
"CCCCCCCCC1=CC=C(O)C=C1","NTDQQZYCCIDJRK-UHFFFAOYSA-N","4-OCTYLPHENOL",,"4-octylphenol"
"CC(C)NNC(=O)C1=CC=NC=C1","NYMGNSNKLVNMIA-UHFFFAOYSA-N","IPRONIAZID","iproniazid","Iproniazid"
"ClC1=CC=C(Cl)C=C1","OCJBOOLMMGQPQU-UHFFFAOYSA-N","1,4-DICHLOROBENZENE",,"1,4-dichlorobenzene"
"COP(=O)(OC)OC=C(Cl)Cl","OEBRKCOSUFCWJD-UHFFFAOYSA-N","DICHLORVOS",,"Dichlorvos"
"C[N+](C)(C)CCO","OEYIOHPDSNJKLS-UHFFFAOYSA-N","CHOLINE CHLORIDE",,"Choline chloride"
"O=C1N=CNC2=NNC=C12","OFCNXPDARWKPPY-UHFFFAOYSA-N","ALLOPURINOL","allopurinol","Allopurinol"
"OC(=O)CCC1=NC(=C(O1)C1=CC=CC=C1)C1=CC=CC=C1","OFPXSFXSNFPTHF-UHFFFAOYSA-N","OXAPROZIN",,"Oxaprozin"
"OC(CCCN1CCCCC1)(C1=CC=CC=C1)C1=CC=CC=C1","OGAKLTJNUQRZJU-UHFFFAOYSA-N","DIPHENIDOL",,"Diphenidol"
"CCN1C=C(C(O)=O)C(=O)C2=CC(F)=C(C=C12)N1CCNCC1","OGJPXUAPXNRGGI-UHFFFAOYSA-N","NORFLOXACIN",,"Norfloxacin"
"NCCCC(O)(P(O)(O)=O)P(O)(O)=O","OGSPWJRAVKPPFI-UHFFFAOYSA-N","ALENDRONIC ACID",,"Alendronic acid"
"CCC1(O)CC2CN(C1)CCC1=C(NC3=CC=CC=C13)C(C2)(C(=O)OC)C1=CC2=C(C=C1OC)N(C=O)C1C22CCN3CC=CC(CC)(C23)C(OC(C)=O)C1(O)C(=O)OC","OGWKCGZFUXNPDA-UHFFFAOYSA-N","VINCRISTINE",,"Vincristine"
"C(NC1=CC=CC=C1)NC1=CC=CC=C1","OHQOKJPHNPUMLN-UHFFFAOYSA-N",,"methylene dianiline","Methylene dianiline"
"CN(CC1=CC(Br)=CC(Br)=C1N)C1CCCCC1","OJGDCBLYJGHCIH-UHFFFAOYSA-N","BROMHEXINE",,"Bromhexine"
"COC(=O)NC1=NC2=CC=C(C=C2N1)C(=O)C1=CC=CC=C1","OPXLLQIJSORQAM-UHFFFAOYSA-N","MEBENDAZOLE",,"Mebendazole"
"COC(=O)C1=CC=CC=C1O","OSWPMRLSEDHDFF-UHFFFAOYSA-N","METHYL SALICYLATE",,"Methyl salicylate"
"OC(=O)C1=CC=C(C=C1)N(=O)=O","OTLNPYWUJOZPPA-UHFFFAOYSA-N","4-NITROBENZOIC ACID",,"4-Nitrobenzoic acid"
"CC1=CC=C(C=C1)S(=O)(=O)NC(=O)NN1CCCCCC1","OUDSBRTVNLOZBN-UHFFFAOYSA-N","TOLAZAMIDE",,"Tolazamide"
"O=C1C=C(OC2=C1C1=C(C=CC=C1)C=C2)C1=CC=CC=C1","OUGIDAPQYNCXRA-UHFFFAOYSA-N","BETA-NAPHTHOFLAVONE",,"Beta-naphthoflavone"
"COC1=CC(OC)=C(C(=O)CCCN2CCCC2)C(OC)=C1","OWYLAEYXIQKAOL-UHFFFAOYSA-N","BUFLOMEDIL",,"Buflomedil"
"CC[N+](CC)(CC)CCOC1=CC=CC(OCC[N+](CC)(CC)CC)=C1OCC[N+](CC)(CC)CC","OZLPUNFFCJDMJD-UHFFFAOYSA-N","GALLAMINE TRIETHIODIDE",,"Gallamine triethiodide"
"NC1=CC=C(Cl)C=C1N(=O)=O","PBGKNXWGYQPUJK-UHFFFAOYSA-N","4-CHLORO-2-NITROANILINE",,"4-Chloro-2-nitroaniline"
"COC1=CC2=CC=C(CC(O)=O)C=C2C=C1","PHJFLPMVEFKEPL-UHFFFAOYSA-N","6-METHOXY-2-NAPHTHYLACETIC ACID",,"6-Methoxy-2-naphthylacetic acid"
"CNCCC=C1C2=CC=CC=C2CCC2=CC=CC=C12","PHVGLTMQBUFIQQ-UHFFFAOYSA-N","NORTRIPTYLINE",,"Nortriptyline"
"ClC1=CC=CC=C1CN1CCC2=C(C1)C=CS2","PHWBOXQYWZNQIN-UHFFFAOYSA-N","TICLOPIDINE","ticlopidine","Ticlopidine"
"COC1=C(OC)C(NS(=O)(=O)C2=CC=C(N)C=C2)=NC=N1","PJSFRIWCGOHTNF-UHFFFAOYSA-N","SULFADOXINE",,"Sulfadoxine"
"OCCN1CCN(CCCN2C3=CC=CC=C3SC3=CC=C(C=C23)C(F)(F)F)CC1","PLDUPXSUYLZYBN-UHFFFAOYSA-N","FLUPHENAZINE","fluphenazine","Fluphenazine"
"CN1C=CNC1=S","PMRYVIKBURPHAH-UHFFFAOYSA-N","METHIMAZOLE","methimazole","Methimazole"
"NC1=CC=CC(Cl)=C1","PNPCRKVUWYDDST-UHFFFAOYSA-N","3-CHLOROANILINE",,"3-Chloroaniline"
"CC(=O)NC1=CC=CC2=C1CC1=CC=CC=C21","POECHIXSIXBYKI-UHFFFAOYSA-N",,"acetamidofluorene","Acetamidofluorene"
"CC1=C2CCC3=C2C(C=C1)=CC1=C3C=CC2=C1C=CC=C2","PPQNQXQZIWHJRB-UHFFFAOYSA-N","3-METHYLCHOLANTHRENE",,"3-methylcholanthrene"
"CCCCC1=NC(Cl)=C(CO)N1CC1=CC=C(C=C1)C1=CC=CC=C1C1=NNN=N1","PSIFNNKUMBGKDQ-UHFFFAOYSA-N","LOSARTAN",,"Losartan"
"OC(=O)C1=CC=CN=C1","PVNIIMVLHYAWGP-UHFFFAOYSA-N","NIACIN","nicotinic acid","Niacin"
"NC1=NC(N)=C(N=N1)C1=CC=CC(Cl)=C1Cl","PYZRQGJRPPTADH-UHFFFAOYSA-N","LAMOTRIGINE",,"Lamotrigine"
"BrC1=CC=CC=C1","QARVLSVVCXYDNA-UHFFFAOYSA-N","BROMOBENZENE","bromobenzene","Bromobenzene"
"OC1=CC=C(O)C=C1","QIGBRXMKCJKVMJ-UHFFFAOYSA-N","HYDROQUINONE",,"Hydroquinone"
"CC(=O)NC1=CC=CC(O)=C1","QLNWXBAGRTUKKI-UHFFFAOYSA-N","3-ACETAMIDOPHENOL",,"3-acetamidophenol"
"NNC(=O)C1=CC=NC=C1","QRXWMOHMRWLFEY-UHFFFAOYSA-N","ISONIAZID","isoniazid","Isoniazid"
"CNCCCC12CCC(C3=CC=CC=C13)C1=CC=CC=C21","QSLMDECMDJKHMQ-UHFFFAOYSA-N","MAPROTILINE",,"Maprotiline"
"NC1=CC=C(Cl)C=C1","QSNSCYSYFYORTR-UHFFFAOYSA-N","4-CHLOROANILINE",,"4-Chloroaniline"
"CC(=O)OCC1=CC=CC=C1","QUKGYYKBILRGFE-UHFFFAOYSA-N","BENZYL ACETATE",,"Benzyl acetate"
"NC1=CC=C(C=C1)S(=O)(=O)NC1=CC=NN1C1=CC=CC=C1","QWCJHSGMANYXCW-UHFFFAOYSA-N","SULFAPHENAZOLE",,"Sulfaphenazole"
"O=C1CC2(CCCC2)CC(=O)N1CCCCN1CCN(CC1)C1=NC=CC=N1","QWCRAEMEVRGPNT-UHFFFAOYSA-N","BUSPIRONE",,"Buspirone"
"ClC1=CC=C2OC3=CC=CC=C3N=C(N3CCNCC3)C2=C1","QWGDMFLQWFTERH-UHFFFAOYSA-N","AMOXAPINE",,"Amoxapine"
"CN(C=NC1=CC=C(C)C=C1C)C=NC1=CC=C(C)C=C1C","QXAITBQSYVNQDR-UHFFFAOYSA-N","AMITRAZ",,"Amitraz"
"CN1C(C(=O)NC2=CC=CC=N2)=C(O)C2=CC=CC=C2S1(=O)=O","QYSPLQLAKJAUJT-UHFFFAOYSA-N","PIROXICAM",,"Piroxicam"
"CN1CCN(CC1)C1=NC2=CC(Cl)=CC=C2NC2=CC=CC=C12","QZUDBNBUXVUHMW-UHFFFAOYSA-N","CLOZAPINE",,"Clozapine"
"CC1=C(CCN2CCC(CC2)C2=NOC3=CC(F)=CC=C23)C(=O)N2CCCCC2=N1","RAPZEAPATHNIPO-UHFFFAOYSA-N","RISPERIDONE",,"Risperidone"
"CN(C)C(=O)C(CCN1CCC(O)(CC1)C1=CC=C(Cl)C=C1)(C1=CC=CC=C1)C1=CC=CC=C1","RDOIQAHITMMDAJ-UHFFFAOYSA-N","LOPERAMIDE",,"Loperamide"
"CCN(CC)CCNC(=O)C1=CC=C(N)C=C1","REQCZEXYDRLIBE-UHFFFAOYSA-N","PROCAINAMIDE",,"Procainamide"
"OC(CN1C=NC=N1)(CN1C=NC=N1)C1=CC=C(F)C=C1F","RFHAOTPXVQNOHP-UHFFFAOYSA-N","FLUCONAZOLE",,"Fluconazole"
"CC1=CNN=C1","RIKMMFOAQPJVMX-UHFFFAOYSA-N","4-METHYLPYRAZOLE",,"4-methylpyrazole"
"CCCNC(=O)NS(=O)(=O)C1=CC=C(Cl)C=C1","RKWGIWYCVPQPMF-UHFFFAOYSA-N","CHLORPROPAMIDE","chlorpropamide","Chlorpropamide"
"FC1=CC=C(C=C1)C(=O)CCCN1CCC(=CC1)N1C(=O)NC2=CC=CC=C12","RMEDXOLNCUSCGS-UHFFFAOYSA-N","DROPERIDOL",,"Droperidol"
"NNCCC1=CC=CC=C1","RMUCZJUITONUFY-UHFFFAOYSA-N","PHENELZINE",,"Phenelzine"
"NNC1=NN=CC2=CC=CC=C12","RPTUSVTUFVMDQK-UHFFFAOYSA-N","HYDRALAZINE",,"Hydralazine"
"O=C1CCC2=CC(OCCCCC3=NN=NN3C3CCCCC3)=CC=C2N1","RRGUKTPIGVIEKM-UHFFFAOYSA-N","CILOSTAZOL",,"Cilostazol"
"COC1=CC=C(C=C1OC1CCCC1)C(=O)NC1=C(Cl)C=NC=C1Cl","RRRUXBQSQLKHEL-UHFFFAOYSA-N","PICLAMILAST",,"Piclamilast"
"ClC(Cl)=C(Cl)C(Cl)=C(Cl)Cl","RWNKSTSCBHKHTB-UHFFFAOYSA-N","HEXACHLORO-1,3-BUTADIENE",,"Hexachloro-1,3-butadiene"
"CN1C=NC2=C1C(=O)N(C)C(=O)N2C","RYYVLZVUVIJVGH-UHFFFAOYSA-N","CAFFEINE","caffeine","Caffeine"
"CC1=CC=C(C=C1)C1=CC(=NN1C1=CC=C(C=C1)S(N)(=O)=O)C(F)(F)F","RZEKVGVHFLEQIL-UHFFFAOYSA-N","CELECOXIB",,"Celecoxib"
"CS(=O)(=O)C1=CC=C(C=C1)C1=C(C(=O)OC1)C1=CC=CC=C1","RZJQGNCSTQAWON-UHFFFAOYSA-N","ROFECOXIB",,"Rofecoxib"
"CC(=O)NC1=CC=C(O)C=C1","RZVAJINKPMORJF-UHFFFAOYSA-N","ACETAMINOPHEN","acetaminophen","Acetaminophen"
"CCOP(=S)(OCC)OC1=NC(Cl)=C(Cl)C=C1Cl","SBPBAQFWLVIOKP-UHFFFAOYSA-N","CHLORPYRIFOS",,"Chlorpyrifos"
"NC1=CC=C(C=C1)S(=O)(=O)NC1=NC=CC=N1","SEEPANYCNGTZFQ-UHFFFAOYSA-N","SULFADIAZINE",,"Sulfadiazine"
"CC(C)OC1=CC=C2C(=O)C(=COC2=C1)C1=CC=CC=C1","SFBODOKJTYAUCM-UHFFFAOYSA-N","IPRIFLAVONE",,"Ipriflavone"
"CC(C)(C)CC(C)(C)C1=CC=C(OCCOCC[N+](C)(C)CC2=CC=CC=C2)C=C1","SIYLLGKDQZGJHK-UHFFFAOYSA-N","BENZETHONIUM CHLORIDE",,"Benzethonium chloride"
"OC1=C(Cl)C=C(Cl)C=C1C(=O)NC1=CC=C(Cl)C(Cl)=C1","SJQBHPJLLIJASD-UHFFFAOYSA-N","3,3',4',5-TETRACHLOROSALICYLANILIDE",,"3,3',4',5-Tetrachlorosalicylanilide"
"NC(=O)C1=CC=CC=C1O","SKZKKFZAGNVIMN-UHFFFAOYSA-N","SALICYLAMIDE",,"Salicylamide"
"CCN1CCN(CC1)C1=C(F)C=C2C(=O)C(=CN(C3CC3)C2=C1)C(O)=O","SPFYMRJSYKOXGV-UHFFFAOYSA-N","ENROFLOXACIN",,"Enrofloxacin"
"CC1=C(OC2=C(C=CC=C2C1=O)C(=O)OCCN1CCCCC1)C1=CC=CC=C1","SPIUTQOUKAMGCX-UHFFFAOYSA-N","FLAVOXATE",,"Flavoxate"
"CC1=CC=CC(NC2=CC(Cl)=NC(SCC(O)=O)=N2)=C1C","SZRPDCCEHVWOJX-UHFFFAOYSA-N","PIRINIXIC ACID","WY-14643","Pirinixic acid"
"CCN(CC)CCNC(=O)C1=CC(Cl)=C(N)C=C1OC","TTWJBBZEZQICBI-UHFFFAOYSA-N","METOCLOPRAMIDE",,"Metoclopramide"
"CC(C)(OC1=CC=C(Cl)C=C1)C(O)=O","TXCGAZHTZHNUAI-UHFFFAOYSA-N","CLOFIBRIC ACID",,"Clofibric acid"
"OC1=CC=C(C=C1)C1=COC2=CC(O)=CC(O)=C2C1=O","TZBJGXHYKVUXJN-UHFFFAOYSA-N","GENISTEIN",,"Genistein"
"ClC1=CC=C2OC(=O)NC2=C1","TZFWDZFKRBELIQ-UHFFFAOYSA-N","CHLORZOXAZONE",,"Chlorzoxazone"
"CN1C=CC(=O)C(O)=C1C","TZXKOCQBRNJULO-UHFFFAOYSA-N","DEFERIPRONE",,"Deferiprone"
"OC1=CC=C(C=C1N(=O)=O)N(=O)=O","UFBJCMHMOXMLKC-UHFFFAOYSA-N",,"2,4-dinitrophenol","2,4-Dinitrophenol"
"NCC1(CC(O)=O)CCCCC1","UGJMXCAKCUNAIE-UHFFFAOYSA-N","GABAPENTIN",,"Gabapentin"
"CN(C)N=O","UMFJAHHVKNCGLG-UHFFFAOYSA-N","N-NITROSODIMETHYLAMINE",,"N-nitrosodimethylamine"
"CC(Cl)(Cl)Cl","UOCLXMDMGBRAIB-UHFFFAOYSA-N","TRICHLOROETHANE",,"Trichloroethane"
"CC(=O)OCC(COC(C)=O)OC(C)=O","URAYPUMNDPQOKB-UHFFFAOYSA-N","TRIACETIN",,"Triacetin"
"OCCOCCN1CCN(CC1)C1=NC2=CC=CC=C2SC2=CC=CC=C12","URKOMYMAXPYINW-UHFFFAOYSA-N","QUETIAPINE",,"Quetiapine"
"N(C1=CC=CC=C1)C1=CC=C(NC2=CC=CC=C2)C=C1","UTGQNNCQYDRXCH-UHFFFAOYSA-N","N,N'-DIPHENYL-P-PHENYLENEDIAMINE",,"N,N'-Diphenyl-p-phenylenediamine"
"CNCCC1=CC=CC=N1","UUQMNUMQCIQDMZ-UHFFFAOYSA-N","BETAHISTINE",,"Betahistine"
"CN(C)C1=NC(=NC(=N1)N(C)C)N(C)C","UUVWYPNAQBNQJQ-UHFFFAOYSA-N","ALTRETAMINE",,"Altretamine"
"CC1=NC=C(N1CCO)N(=O)=O","VAOCPAMSLUNLGC-UHFFFAOYSA-N","METRONIDAZOLE",,"Metronidazole"
"CN1N(C(=O)C=C1C)C1=CC=CC=C1","VEQOALNAAJBPNY-UHFFFAOYSA-N","ANTIPYRINE",,"Antipyrine"
"O=C1C=C(OC2=C1C=CC1=C2C=CC=C1)C1=CC=CC=C1","VFMMPHCGEFXGIP-UHFFFAOYSA-N","ALPHA-NAPHTHOFLAVONE",,"Alpha-naphthoflavone"
"ClC(Cl)(Cl)C(Cl)(Cl)Cl","VHHHONWQHHHLTI-UHFFFAOYSA-N","HEXACHLOROETHANE",,"Hexachloroethane"
"CC1=C(C=NO1)C(=O)NC1=CC=C(C=C1)C(F)(F)F","VHOGYURTWQBHIL-UHFFFAOYSA-N","LEFLUNOMIDE",,"Leflunomide"
"NC1=CC(=CC=C1O)N(=O)=O","VLZVIIYRNMWPSN-UHFFFAOYSA-N","2-AMINO-4-NITROPHENOL",,"2-amino-4-nitrophenol"
"ClC1=CC=CC=C1C(N1C=CN=C1)(C1=CC=CC=C1)C1=CC=CC=C1","VNFPBHJOKIVQEB-UHFFFAOYSA-N","CLOTRIMAZOLE",,"Clotrimazole"
"COP(C)(=O)OC","VONWDASPFIQPDY-UHFFFAOYSA-N","DIMETHYL METHYLPHOSPHONATE",,"Dimethyl methylphosphonate"
"C[N+](C)(C)CCOC(N)=O","VPJXQGSRWJZDOB-UHFFFAOYSA-O","CARBACHOL",,"Carbachol"
"CC1=NN=C2CN=C(C3=CC=CC=C3)C3=CC(Cl)=CC=C3N12","VREFGVBLTWBCJP-UHFFFAOYSA-N","ALPRAZOLAM",,"Alprazolam"
"CC(C)C1=CC(OC(C)=O)=C(C)C=C1OCCN(C)C","VRYMTAVOXVTQEF-UHFFFAOYSA-N",,"moxisylyte","Moxisylyte"
"NC(=O)NO","VSNHCAURESNICA-UHFFFAOYSA-N","HYDROXYUREA",,"Hydroxyurea"
"NCC=C","VVJKKWFAADXIJK-UHFFFAOYSA-N","ALLYLAMINE",,"Allylamine"
"CCCCC1C(=O)N(N(C1=O)C1=CC=CC=C1)C1=CC=CC=C1","VYMDGNCVAMGZFE-UHFFFAOYSA-N","PHENYLBUTAZONE","phenylbutazone","Phenylbutazone"
"ClC(Cl)(Cl)Cl","VZGDMQKNWNREIO-UHFFFAOYSA-N","CARBON TETRACHLORIDE","carbon tetrachloride","Carbon tetrachloride"
"CCN(CC)N=O","WBNQDOYYEUMPFS-UHFFFAOYSA-N","N-NITROSODIETHYLAMINE","nitrosodiethylamine","N-nitrosodiethylamine"
"CC12CCC(CC1)C(C)(C)O2","WEEGYLXZBRQIMU-UHFFFAOYSA-N","EUCALYPTOL",,"Eucalyptol"
"CCC1=C(C(=O)C2=CC(Br)=C(O)C(Br)=C2)C2=CC=CC=C2O1","WHQCHUCQKNIQEC-UHFFFAOYSA-N",,"benzbromarone","Benzbromarone"
"CCC1=C(C)CN(C(=O)NCCC2=CC=C(C=C2)S(=O)(=O)NC(=O)NC2CCC(C)CC2)C1=O","WIGIZIANZCJQQY-UHFFFAOYSA-N","GLIMEPIRIDE",,"Glimepiride"
"CN1CCN(CCCN2C3=CC=CC=C3SC3=CC=C(Cl)C=C23)CC1","WIKYUJGCLQQFNW-UHFFFAOYSA-N","PROCHLORPERAZINE",,"Prochlorperazine"
"N1C2=CC=CC=C2N=C1C1=CSC=N1","WJCNZQLZVWNLKY-UHFFFAOYSA-N","THIABENDAZOLE",,"Thiabendazole"
"N1C2=CC=CC=C2SC2=CC=CC=C12","WJFKNYWRSNBZNX-UHFFFAOYSA-N","PHENOTHIAZINE",,"Phenothiazine"
"CN1C(C(=O)NC2=NC=CC=C2)=C(O)C2=C(C=C(Cl)S2)S1(=O)=O","WLHQHAUOOXYABV-UHFFFAOYSA-N",,"lornoxicam","Lornoxicam"
"COC1=C(NC2=NCCN2)C(Cl)=NC(C)=N1","WPNJAUFVNXKLIM-UHFFFAOYSA-N","MOXONIDINE",,"Moxonidine"
"OC(=O)C1=CC=CC=C1","WPYMKLBDIGXBTP-UHFFFAOYSA-N","BENZOIC ACID",,"Benzoic acid"
"OC1=CC=CC(O)=C1O","WQGWDDDVZFFDIG-UHFFFAOYSA-N","PYROGALLOL",,"Pyrogallol"
"NC1=NC2=C(NC=N2)C(=S)N1","WYWHKKSPHMUBEB-UHFFFAOYSA-N","THIOGUANINE",,"Thioguanine"
"CC1=CC(=C(O)C(C)=C1CC1=NCCN1)C(C)(C)C","WYWIFABBXFUGLM-UHFFFAOYSA-N","OXYMETAZOLINE",,"Oxymetazoline"
"CC1=CC=C(Cl)C(O)=C1C","XBBCPPPRFJXONF-UHFFFAOYSA-N","CHLOROXYLENOL",,"Chloroxylenol"
"[H]N=C(N)C1=CC=C(OCCCCCOC2=CC=C(C=C2)C(N)=N[H])C=C1","XDRYMKDFEDOLFX-UHFFFAOYSA-N","PENTAMIDINE",,"Pentamidine"
"NC1=CC=C(O)C(N)=C1","XIWMTQIUUWJNRP-UHFFFAOYSA-N","2,4-DIAMINOPHENOL",,"2,4-diaminophenol"
"OC1=CC=C(C=C1N(=O)=O)[As](O)(O)=O","XMVJITFPVVRMHC-UHFFFAOYSA-N","ROXARSONE",,"Roxarsone"
"NC(=O)NC(=O)CC1=CC=CC=C1","XPFRXWCVYUEORT-UHFFFAOYSA-N","PHENACEMIDE",,"Phenacemide"
"COC1=CC=C(CC2=NC=CC3=CC(OC)=C(OC)C=C23)C=C1OC","XQYZDYMELSJDRZ-UHFFFAOYSA-N","PAPAVERINE","papaverine","Papaverine"
"COC1=CC=C(C=C1)C1C(=O)C2=CC=CC=C2C1=O","XRCFXMGQEVUZFC-UHFFFAOYSA-N","ANISINDIONE",,"Anisindione"
"NC(N)=NC(=O)C1=NC(Cl)=C(N)N=C1N","XSDQTOBWRPYKKA-UHFFFAOYSA-N","AMILORIDE",,"Amiloride"
"ClC=C(Cl)Cl","XSTXAVWGXDQKEL-UHFFFAOYSA-N","TRICHLOROETHYLENE",,"Trichloroethylene"
"[H]N=C(N)NC1=NC(CSCCC(N)=NS(N)(=O)=O)=CS1","XUFQPHANEAPEMJ-UHFFFAOYSA-N","FAMOTIDINE","famotidine","Famotidine"
"OCC=C","XXROGKLTLUQVRX-UHFFFAOYSA-N","ALLYL ALCOHOL","allyl alcohol","Allyl alcohol"
"CC(C)(C#N)C1=CC(=CC(CN2C=NC=N2)=C1)C(C)(C)C#N","YBBLVLTVTVSKRW-UHFFFAOYSA-N","ANASTROZOLE",,"Anastrozole"
"NC1=CC=C(CC2=CC=C(N)C=C2)C=C1","YBRVSVVVWCFQMG-UHFFFAOYSA-N","4,4'-METHYLENEDIANILINE",,"4,4'-Methylenedianiline"
"OC1=CC=CC=C1O","YCIMNLLNPGFGHC-UHFFFAOYSA-N","CATECHOL",,"Catechol"
"COC1=CC=C(CN(CCN(C)C)C2=CC=CC=N2)C=C1","YECBIJXISLIIDS-UHFFFAOYSA-N","PYRILAMINE",,"Pyrilamine"
"OC(=O)C1=CC=CC=C1O","YGSDEFSMJLZEOE-UHFFFAOYSA-N","SALICYLIC ACID",,"Salicylic acid"
"ClC1=CC=C(C=C1)C(=O)NCCN1CCOCC1","YHXISWVBGDMDLQ-UHFFFAOYSA-N","MOCLOBEMIDE",,"Moclobemide"
"NC1=C2CCCCC2=NC2=CC=CC=C12","YLJREFDVOIBQDA-UHFFFAOYSA-N","TACRINE","tacrine","Tacrine"
"O1C=CC=C1","YLQBMQCUIZJEEH-UHFFFAOYSA-N","FURAN",,"Furan"
"OC(=O)C1CC1","YMGUBTXCNDTFJI-UHFFFAOYSA-N","CYCLOPROPANE CARBOXYLIC ACID",,"Cyclopropane carboxylic acid"
"CC(C)OC(=O)C(C)(C)OC1=CC=C(C=C1)C(=O)C1=CC=C(Cl)C=C1","YMTINGFKWWXKFG-UHFFFAOYSA-N","FENOFIBRATE","fenofibrate","Fenofibrate"
"OC(=O)C(Cl)(Cl)Cl","YNJBWRMUSHSURL-UHFFFAOYSA-N","TRICHLOROACETIC ACID",,"Trichloroacetic acid"
"CC(N)=S","YUKQRDCYNOVPGJ-UHFFFAOYSA-N","THIOACETAMIDE","thioacetamide","Thioacetamide"
"OCCNCCO","ZBCBWPMODOFKDW-UHFFFAOYSA-N","DIETHANOLAMINE",,"Diethanolamine"
"NC1=C(CC(O)=O)C=CC=C1C(=O)C1=CC=C(Br)C=C1","ZBPLOVFIXSTCRZ-UHFFFAOYSA-N","BROMFENAC",,"Bromfenac"
"CN1C2=C(NC=N2)C(=O)N(C)C1=O","ZFXYFBGIUFBOJW-UHFFFAOYSA-N","THEOPHYLLINE","theophylline","Theophylline"
"CN(C)CCCN1C2=CC=CC=C2SC2=CC=CC=C12","ZGUGWUXLJSTTMA-UHFFFAOYSA-N","PROMAZINE",,"Promazine"
"[H]N=C1N=C(C=C(N)N1O)N1CCCCC1","ZIMGGGWCDYVHOY-UHFFFAOYSA-N","MINOXIDIL",,"Minoxidil"
"OC(=O)P(O)(O)=O","ZJAOAACCNHFJAH-UHFFFAOYSA-N","FOSCARNET",,"Foscarnet"
"CC1=NC=C(N=C1)C(=O)NCCC1=CC=C(C=C1)S(=O)(=O)NC(=O)NC1CCCCC1","ZJJXGWJIGJFDTL-UHFFFAOYSA-N","GLIPIZIDE",,"Glipizide"
"C=CCC1=CC=C2OCOC2=C1","ZMQAAUBTXCXRIC-UHFFFAOYSA-N","SAFROLE",,"Safrole"
"CN(C)C=O","ZMXDDKWLCZADIW-UHFFFAOYSA-N","N,N-DIMETHYLFORMAMIDE",,"N,N-dimethylformamide"
"OS(=O)(=O)CCS","ZNEWHQLOPFWXOF-UHFFFAOYSA-N","MESNA",,"Mesna"
"COC1=CC=C(Cl)C=C1C(=O)NCCC1=CC=C(C=C1)S(=O)(=O)NC(=O)NC1CCCCC1","ZNNLBTZKUZBEKO-UHFFFAOYSA-N","GLYBURIDE","glibenclamide","Glyburide"
"CN(C)CCCN1C2=CC=CC=C2SC2=CC=C(Cl)C=C12","ZPEIMTDSQAKGNT-UHFFFAOYSA-N","CHLORPROMAZINE","chlorpromazine","Chlorpromazine"
"CC1=CC=C(C=C1)N(=O)=O","ZPTVNYMJQHSSEA-UHFFFAOYSA-N","4-NITROTOLUENE",,"4-nitrotoluene"
"CN1C(C(=O)NC2=NC=C(C)S2)=C(O)C2=CC=CC=C2S1(=O)=O","ZRVUJXDFFKFLMG-UHFFFAOYSA-N","MELOXICAM","meloxicam","Meloxicam"
"O=C1O[Pt]OC(=O)C11CCC1","ZSWVADAIGMSQBB-UHFFFAOYSA-L","CARBOPLATIN",,"Carboplatin"
"OC(=O)C1=CC=CC=C1NC1=CC=CC=C1","ZWJINEZUASEZBH-UHFFFAOYSA-N",,"phenylanthranilic acid","Phenylanthranilic acid"
"CN1C(CC(O)=O)=CC(C)=C1C(=O)C1=CC=C(Cl)C=C1","ZXVNMYWKKDOREA-UHFFFAOYSA-N","ZOMEPIRAC",,"Zomepirac"
"O=C1OC2=CC=CC=C2C=C1","ZYGHJZDHTFUPRJ-UHFFFAOYSA-N","COUMARIN","coumarin","Coumarin"
"COC1=CC(NS(=O)(=O)C2=CC=C(N)C=C2)=NC(OC)=N1","ZZORFUFYDOWNEF-UHFFFAOYSA-N","SULFADIMETHOXINE",,"Sulfadimethoxine"
"NS(=O)(=O)C1=CC(C(O)=O)=C(NCC2=CC=CO2)C=C1Cl","ZZUFCTLCJUWOSV-UHFFFAOYSA-N","FUROSEMIDE","furosemide","Furosemide"
"CN(C)CCOC(C1=CC=CC=C1)C1=CC=CC=C1","ZZVUWRFHKOJYTH-UHFFFAOYSA-N","DIPHENHYDRAMINE",,"Diphenhydramine"
"CN(C)C(=N)NC(N)=N","XZWYZXLIPXDOLR-UHFFFAOYSA-N",,"metformin","Metformin"
